,work_year,salary,salary_in_usd,remote_ratio
0,2022,63000,63000,50
1,2022,95000,95000,0
2,2022,70000,70000,0
3,2022,250000,48853,50
4,2022,120000,120000,100
5,2022,315000,315000,100
6,2022,220000,220000,100
7,2022,140000,140000,100
8,2021,55000,75650,50
9,2022,360000,360000,100
10,2021,50000,50000,0
11,2022,85000,85000,100
12,2022,90000,90000,100
13,2022,50000,50000,0
14,2022,290000,290000,100
15,2021,232000,232000,100
16,2022,244000,244000,100
17,2022,112000,112000,100
18,2022,72000,72000,100
19,2022,60000,64955,50
20,2020,450000,6072,50
21,2021,45000,53192,100
22,2022,109000,118002,100
23,2022,152000,152000,0
24,2022,91000,91000,0
25,2022,120000,129910,50
26,2022,207000,207000,100
27,2022,300000,300000,50
28,2022,115000,115000,100
29,2022,126700,99397,100
30,2022,52000,52000,100
31,2022,237000,237000,100
32,2021,150000,150000,50
33,2022,110000,110000,0
34,2022,104000,104000,100
35,2021,75000,75000,0
36,2022,165000,165000,100
37,2022,190000,190000,100
38,2022,135000,135000,100
39,2022,150000,117676,100
40,2022,97900,97900,50
41,2022,90000,90000,100
42,2021,175000,175000,100
43,2022,89998,89998,0
44,2022,150000,150000,100
45,2022,115000,115000,100
46,2022,135000,135000,50
47,2022,102000,102000,50
48,2022,108000,108000,100
49,2022,200000,200000,100
50,2022,85000,89676,50
51,2022,50000,50000,0
52,2022,157000,157000,0
53,2022,108000,108000,0
54,2022,148000,148000,0
55,2022,130000,130000,0
56,2022,120000,120000,0
57,2022,450000,65475,50
58,2022,150000,150000,100
59,2022,500000,6522,100
60,2022,184800,184800,100
61,2022,130800,130800,100
62,2022,80000,102646,100
63,2022,60000,76985,100
64,2022,114000,114000,0
65,2022,207000,207000,100
66,2022,153000,153000,100
67,2022,245000,245000,100
68,2022,98000,98000,50
69,2022,220100,220100,100
70,2022,176080,176080,100
71,2022,226400,226400,100
72,2022,124300,124300,100
73,2022,145000,145000,100
74,2022,50000,50000,100
75,2022,50000,54129,50
76,2022,50000,50000,100
77,2022,50000,50000,100
78,2022,40000,43303,50
79,2022,238200,238200,100
80,2022,176100,176100,100
81,2022,181940,181940,100
82,2022,132000,132000,100
83,2022,186000,186000,100
84,2022,148800,148800,100
85,2022,252000,252000,100
86,2022,145000,145000,100
87,2022,236000,236000,100
88,2021,12000,8929,0
89,2022,167000,167000,100
90,2022,175000,175000,100
91,2022,70000,50002,50
92,2022,86500,86500,50
93,2022,120000,129910,50
94,2022,200100,200100,100
95,2022,160080,160080,100
96,2022,165400,165400,100
97,2022,132320,132320,100
98,2022,207800,207800,100
99,2022,153600,153600,100
100,2021,25000,29551,100
101,2021,88000,88000,100
102,2022,180000,180000,100
103,2022,210000,210000,100
104,2022,160000,160000,100
105,2022,250600,250600,100
106,2022,118100,118100,100
107,2022,105800,105800,100
108,2022,81600,81600,100
109,2022,140000,140000,100
110,2022,267840,267840,100
111,2022,214056,214056,100
112,2022,240000,188282,100
113,2022,107000,137290,100
114,2022,92000,118043,100
115,2022,80000,80000,100
116,2022,60000,60000,100
117,2022,60000,60000,100
118,2022,60000,60000,100
119,2022,60000,60000,100
120,2021,115000,115000,100
121,2021,750000,10142,50
122,2022,80000,102646,100
123,2022,55000,70569,100
124,2022,170000,170000,0
125,2022,140000,140000,0
126,2022,175000,175000,0
127,2022,180000,180000,100
128,2022,101000,101000,100
129,2022,101000,101000,100
130,2022,175000,175000,100
131,2022,97500,97500,100
132,2022,67000,67000,100
133,2022,124600,124600,100
134,2022,96000,96000,100
135,2022,292000,292000,100
136,2022,170000,170000,100
137,2022,160000,160000,0
138,2022,140000,140000,0
139,2022,180000,180000,100
140,2022,140000,140000,100
141,2022,245000,245000,0
142,2022,190000,190000,0
143,2022,226400,226400,100
144,2022,124300,124300,100
145,2022,63000,49424,100
146,2022,91600,91600,100
147,2022,165000,165000,50
148,2022,160000,160000,100
149,2022,92400,92400,100
150,2022,103000,103000,100
151,2022,154000,154000,100
152,2022,139000,139000,100
153,2022,160000,160000,100
154,2022,120000,120000,100
155,2022,50000,64154,50
156,2022,82900,82900,100
157,2022,63900,63900,100
158,2022,75000,75000,100
159,2022,75000,75000,100
160,2022,89000,89000,0
161,2022,68462,68462,0
162,2022,72500,72500,100
163,2022,276900,276900,100
164,2022,168400,168400,100
165,2022,105800,105800,0
166,2022,81600,81600,0
167,2022,177600,177600,100
168,2022,131300,131300,100
169,2022,120000,120000,100
170,2022,90000,90000,100
171,2022,145000,145000,100
172,2022,105400,105400,100
173,2022,220000,220000,0
174,2022,140000,140000,0
175,2022,175000,175000,100
176,2022,130000,130000,100
177,2022,20000,21651,100
178,2022,60000,60000,100
179,2022,80000,80000,100
180,2022,200100,200100,100
181,2022,160080,160080,100
182,2022,135000,135000,100
183,2022,100000,100000,100
184,2022,195000,195000,100
185,2022,170000,170000,100
186,2022,108070,108070,100
187,2022,91860,91860,100
188,2022,207800,207800,100
189,2022,153600,153600,100
190,2022,102600,102600,100
191,2022,82080,82080,100
192,2022,160000,160000,0
193,2022,110000,110000,0
194,2022,140000,151562,100
195,2022,100000,108258,100
196,2022,120000,129910,100
197,2022,80000,86607,100
198,2022,180000,194866,100
199,2022,140000,151562,100
200,2022,240000,259821,100
201,2022,180000,194866,100
202,2022,152000,152000,0
203,2022,91000,91000,0
204,2022,200100,200100,100
205,2022,160080,160080,100
206,2022,193800,193800,100
207,2022,62000,62000,100
208,2022,160000,160000,100
209,2022,120000,120000,100
210,2022,192400,192400,100
211,2022,90700,90700,100
212,2022,150260,150260,100
213,2022,109280,109280,100
214,2022,175000,175000,0
215,2022,90000,90000,0
216,2022,200100,200100,100
217,2022,160080,160080,100
218,2022,130200,130200,100
219,2022,106500,106500,100
220,2022,146800,146800,100
221,2022,118200,118200,100
222,2022,165200,165200,100
223,2022,133000,133000,100
224,2022,165200,165200,100
225,2022,133000,133000,100
226,2022,146800,146800,100
227,2022,118200,118200,100
228,2022,115700,115700,100
229,2022,94700,94700,100
230,2022,60000,60000,100
231,2022,50000,50000,100
232,2022,210000,210000,0
233,2022,160000,160000,0
234,2022,144200,144200,0
235,2022,132870,132870,0
236,2022,175000,175000,0
237,2022,120000,120000,0
238,2022,180000,180000,100
239,2022,80000,80000,100
240,2022,91670,91670,0
241,2022,63500,63500,0
242,2022,180000,180000,0
243,2022,90000,90000,0
244,2022,40000,43303,0
245,2022,25000,27064,0
246,2022,165400,165400,100
247,2022,132320,132320,100
248,2022,184800,184800,100
249,2022,148800,148800,100
250,2022,207500,207500,100
251,2022,125000,125000,100
252,2022,165400,165400,100
253,2022,132320,132320,100
254,2022,145000,145000,100
255,2022,118600,118600,100
256,2022,152000,152000,0
257,2022,91000,91000,0
258,2022,210000,210000,0
259,2022,160000,160000,0
260,2022,157000,157000,0
261,2022,108000,108000,0
262,2022,175000,175000,100
263,2022,90000,90000,100
264,2022,80000,102646,100
265,2022,65000,83400,100
266,2022,220000,220000,100
267,2022,165400,165400,100
268,2022,184800,184800,100
269,2022,148800,148800,100
270,2022,145000,145000,100
271,2022,118600,118600,100
272,2022,165400,165400,0
273,2022,132320,132320,0
274,2022,165400,165400,100
275,2022,132320,132320,100
276,2022,160000,160000,100
277,2022,130000,130000,100
278,2022,115000,115000,100
279,2022,100000,100000,100
280,2022,131500,131500,100
281,2022,111775,111775,100
282,2022,221500,221500,100
283,2022,104400,104400,100
284,2022,210000,210000,0
285,2022,160000,160000,0
286,2022,140000,140000,100
287,2022,90000,90000,100
288,2022,165400,165400,100
289,2022,132320,132320,100
290,2022,60000,60000,100
291,2022,50000,50000,100
292,2022,267840,267840,100
293,2022,214056,214056,100
294,2022,201000,201000,100
295,2022,160080,160080,100
296,2022,172000,172000,0
297,2022,87000,87000,0
298,2022,141300,141300,0
299,2022,102100,102100,0
300,2022,141300,141300,0
301,2022,88100,88100,0
302,2022,120000,120000,100
303,2022,30000,30000,100
304,2022,222500,222500,100
305,2022,135000,135000,100
306,2022,300000,300000,100
307,2022,250000,250000,100
308,2022,210000,210000,0
309,2022,160000,160000,0
310,2022,168400,168400,100
311,2022,148000,148000,100
312,2022,165400,165400,100
313,2022,132320,132320,100
314,2022,200100,200100,100
315,2022,160080,160080,100
316,2022,220100,220100,100
317,2022,176080,176080,100
318,2022,140000,179632,0
319,2022,120000,153970,0
320,2022,65000,65000,100
321,2022,55000,55000,100
322,2022,230000,230000,0
323,2022,190000,190000,0
324,2022,182750,182750,100
325,2022,153000,153000,100
326,2022,210000,210000,100
327,2022,140000,140000,100
328,2022,207000,207000,100
329,2022,153000,153000,100
330,2022,182000,182000,100
331,2022,153000,153000,100
332,2022,220100,220100,100
333,2022,176080,176080,100
334,2022,120000,120000,100
335,2022,90000,90000,100
336,2022,60000,60000,100
337,2022,50000,50000,100
338,2022,276900,276900,100
339,2022,104400,104400,100
340,2022,192400,192400,100
341,2022,90700,90700,100
342,2022,210000,210000,100
343,2022,160000,160000,100
344,2022,208775,208775,100
345,2022,147800,147800,100
346,2022,157000,157000,0
347,2022,108000,108000,0
348,2022,152000,152000,0
349,2022,91000,91000,0
350,2022,200100,200100,100
351,2022,160080,160080,100
352,2022,111000,111000,50
353,2022,200000,200000,100
354,2022,1600000,20873,0
355,2022,75000,58838,100
356,2022,220000,220000,100
357,2022,150000,150000,100
358,2022,271600,271600,100
359,2022,122500,122500,100
360,2022,129000,129000,100
361,2022,260000,260000,100
362,2022,145000,145000,100
363,2022,135000,135000,100
364,2022,70000,13678,100
365,2022,126000,126000,0
366,2022,122000,122000,50
367,2022,45500,49257,50
368,2022,75000,81194,100
369,2022,140000,140000,100
370,2022,150000,150000,100
371,2021,172500,172500,100
372,2022,120000,120000,50
373,2022,259000,259000,50
374,2022,180000,180000,50
375,2022,250000,250000,100
376,2022,105000,105000,100
377,2022,104000,104000,100
378,2022,192500,192500,100
379,2022,5800,5800,0
380,2022,35620,38561,0
381,2021,190000,190000,0
382,2022,100000,100000,100
383,2022,10000,10000,100
384,2022,224000,224000,100
385,2022,125000,125000,100
386,2021,120000,120000,100
387,2022,10000,10000,50
388,2022,42000,45468,100
389,2022,215000,215000,100
390,2022,260000,260000,100
391,2022,45000,45000,100
392,2022,300000,58624,100
393,2021,50000,50000,100
394,2022,149000,149000,100
395,2020,107000,107000,0
396,2022,140000,140000,100
397,2022,232000,182006,100
398,2022,127000,127000,100
399,2022,50000,50000,100
400,2022,1400000,18263,100
401,2022,130000,130000,100
402,2022,135000,135000,0
403,2021,135000,135000,0
404,2022,325000,325000,100
405,2021,100000,100000,50
406,2022,150000,150000,100
407,2022,130000,130000,100
408,2022,135000,135000,100
409,2022,100000,100000,100
410,2022,85000,85000,0
411,2021,180000,180000,100
412,2022,150000,150000,100
413,2022,55000,55000,0
414,2021,175000,175000,100
415,2022,70000,70000,100
416,2021,200000,200000,100
417,2022,410000,410000,100
418,2022,60000,76985,100
419,2022,90000,90000,100
420,2022,201000,201000,100
421,2022,196000,196000,100
422,2021,137000,137000,50
423,2022,180000,180000,100
424,2022,250000,250000,100
425,2021,128000,128000,100
426,2022,150000,150000,100
427,2022,150000,150000,0
428,2022,180000,180000,100
429,2022,130000,130000,0
430,2022,127000,127000,100
431,2022,108856,108856,0
432,2022,90000,97433,50
433,2021,315000,58390,100
434,2022,48000,51964,0
435,2022,87000,87000,50
436,2021,45000,53192,100
437,2022,2000,2000,50
438,2022,130000,130000,50
439,2021,85000,100474,100
440,2022,92000,99598,100
441,2022,150000,150000,100
442,2021,160000,160000,100
443,2021,150000,150000,50
444,2021,28000,38513,100
445,2021,55000,55000,50
446,2022,260000,260000,100
447,2021,50000,50000,50
448,2022,115000,90218,100
449,2021,145000,145000,0
450,2021,135000,135000,0
451,2021,88000,88000,0
452,2021,84000,84000,0
453,2021,120000,120000,100
454,2022,146000,146000,100
455,2022,108000,84727,50
456,2022,71500,56092,0
457,2022,12000,15397,100
458,2022,60000,60000,100
459,2022,175000,175000,100
460,2022,160000,160000,100
461,2022,200000,200000,100
462,2022,130000,130000,100
463,2021,150000,112575,100
464,2021,84300,84300,100
465,2022,50000,50000,100
466,2022,85000,85000,100
467,2022,171200,171200,100
468,2021,66000,66000,100
469,2022,270000,270000,50
470,2022,84583,84583,0
471,2021,70000,70000,0
472,2022,63000,63000,50
473,2022,57000,61707,100
474,2021,56400,77576,100
475,2022,950000,97982,0
476,2022,110000,110000,50
477,2021,53000,53000,50
478,2021,55000,55000,50
479,2021,180000,180000,100
480,2022,61000,61000,50
481,2022,55000,70569,50
482,2021,84000,99292,50
483,2022,2202,2202,0
484,2022,70000,54915,100
485,2022,106000,106000,100
486,2021,56000,77026,100
487,2022,98000,98000,100
488,2020,125000,125000,50
489,2022,1500000,19568,0
490,2021,50000,59102,100
491,2022,160000,160000,100
492,2022,467000,23001,100
493,2022,102500,110965,100
494,2022,150000,150000,100
495,2022,76000,76000,50
496,2022,480000,145499,50
497,2021,310000,310000,50
498,2022,46000,59021,100
499,2022,65000,70368,50
500,2022,155000,121599,100
501,2021,99980,99980,100
502,2021,145000,145000,100
503,2022,79000,79000,50
504,2021,120000,120000,100
505,2022,210000,210000,100
506,2022,125000,125000,100
507,2022,115000,115000,100
508,2021,225000,225000,100
509,2022,38000,41138,100
510,2022,52000,40794,100
511,2022,250000,270647,50
512,2022,710000,910991,100
513,2022,153000,153000,100
514,2020,38000,43338,100
515,2022,180000,180000,100
516,2021,120000,120000,100
517,2022,107000,107000,100
518,2022,20000,20000,0
519,2022,65000,65000,100
520,2021,150000,150000,100
521,2022,57000,73135,100
522,2021,305000,305000,100
523,2022,500000,500000,100
524,2021,125000,125000,100
525,2022,51000,65437,50
526,2021,140000,140000,50
527,2022,297000,297000,50
528,2021,46560,46560,100
529,2022,96000,96000,100
530,2022,130000,130000,100
531,2022,100000,128308,100
532,2021,71500,98346,100
533,2021,260000,67307,100
534,2022,36500,39514,50
535,2022,82000,88772,100
536,2022,129000,129000,100
537,2022,155000,155000,100
538,2021,125000,125000,100
539,2020,73000,73000,0
540,2021,170000,170000,100
541,2022,160000,160000,100
542,2022,70000,70000,100
543,2021,98000,98000,100
544,2022,143000,143000,100
545,2021,83500,83500,0
546,2022,120000,120000,100
547,2022,120000,120000,100
548,2022,20100,20100,100
549,2022,240000,240000,100
550,2021,97000,97000,100
551,2022,220000,220000,100
552,2022,287500,287500,50
553,2022,150000,150000,100
554,2021,120000,120000,100
555,2021,157000,157000,100
556,2021,208000,208000,100
557,2022,100500,100500,100
558,2021,175000,175000,100
559,2022,150000,150000,100
560,2022,72000,72000,100
561,2021,125000,125000,100
562,2022,190000,190000,50
563,2022,65000,65000,100
564,2022,160000,160000,50
565,2022,90000,90000,100
566,2022,360000,360000,100
567,2022,200000,200000,100
568,2021,32000,37825,100
569,2022,120000,120000,100
570,2022,34000,34000,100
571,2022,67000,85966,100
572,2022,40000,51323,100
573,2022,165000,165000,100
574,2022,173000,173000,50
575,2021,109000,109000,0
576,2022,126000,126000,0
577,2022,230000,230000,50
578,2022,112000,112000,100
579,2022,130000,130000,50
580,2022,130000,130000,100
581,2022,58000,58000,100
582,2021,69000,69000,100
583,2022,145000,145000,50
584,2022,61000,61000,0
585,2021,70000,70000,100
586,2021,126000,126000,50
587,2022,67000,72533,100
588,2021,145000,145000,100
589,2022,75000,75000,100
590,2022,74900,74900,0
591,2021,55000,65013,100
592,2021,87000,87000,50
593,2021,65000,65000,100
594,2021,45000,53192,100
595,2022,143000,143000,50
596,2022,165000,165000,100
597,2022,700000,75658,50
598,2022,130000,140736,100
599,2021,130000,130000,100
600,2021,125000,125000,100
601,2022,112000,112000,50
602,2022,119500,119500,100
603,2021,220500,220500,100
604,2022,70000,70000,100
605,2022,172000,172000,100
606,2022,118000,118000,100
607,2021,130000,153667,100
608,2022,300000,58624,100
609,2021,50000,9268,100
610,2021,73300,73300,0
611,2022,143000,143000,100
612,2022,300000,300000,100
613,2021,105000,105000,100
614,2022,200000,256617,0
615,2022,42000,42000,50
616,2022,500000000,34432,100
617,2022,41000,44386,0
618,2022,105000,105000,0
619,2022,360000,70348,100
620,2022,130000,130000,100
621,2022,180000,35174,100
622,2021,42000,49646,50
623,2021,40000,40000,100
624,2021,100000,118205,100
625,2021,100000,137547,100
626,2021,200000,218742,100
627,2022,70000,70000,100
628,2022,85000,85000,100
629,2022,181000,181000,100
630,2022,224000,224000,100
631,2022,286000,55888,100
632,2022,180000,35174,100
633,2022,220000,220000,100
634,2022,174000,34001,100
635,2022,120000,94141,100
636,2021,211000,211000,100
637,2022,110000,110000,100
638,2022,200000,200000,100
639,2021,170000,170000,100
640,2021,135000,135000,100
641,2022,189000,189000,100
642,2021,173000,173000,100
643,2022,249000,249000,100
644,2022,140000,140000,100
645,2022,135000,135000,50
646,2022,104000,74289,100
647,2022,600000,600000,100
648,2021,100000,100000,50
649,2021,102000,102000,50
650,2022,60000,60000,100
651,2022,183000,183000,100
652,2022,190000,190000,100
653,2022,130000,130000,100
654,2021,110000,130026,100
655,2021,175000,175000,100
656,2021,1200000,16228,0
657,2022,150000,150000,100
658,2021,155000,155000,100
659,2021,120000,141846,50
660,2021,74000,74000,50
661,2021,39000,46100,0
662,2022,112000,112000,100
663,2022,255000,255000,100
664,2022,170000,170000,100
665,2022,173000,173000,0
666,2021,130000,130000,100
667,2022,150000,150000,100
668,2022,200000,200000,100
669,2022,130000,101986,100
670,2021,76000,76000,100
671,2022,88000,88000,100
672,2021,50000,50000,100
673,2021,80000,80000,100
674,2022,131800,131800,0
675,2022,99900,99900,0
676,2021,110000,110000,100
677,2022,160000,160000,50
678,2021,128000,128000,100
679,2022,130000,130000,0
680,2021,125000,125000,100
681,2022,310000,310000,100
682,2022,55000,55000,0
683,2021,138000,138000,100
684,2022,182000,142780,0
685,2022,130000,101986,0
686,2021,54000,63831,50
687,2020,150000,103310,0
688,2021,60000,60000,50
689,2021,99960,99960,0
690,2020,425000,5734,100
691,2021,30000,30000,100
692,2022,110000,110000,50
693,2021,68900,68900,100
694,2021,116000,116000,0
695,2022,99000,99000,100
696,2022,80000,86607,100
697,2021,60000,47857,50
698,2022,44000,44000,0
699,2022,52000,52000,50
700,2021,115500,115500,100
701,2022,100000,78451,100
702,2022,100000,71432,100
703,2021,104000,104000,100
704,2020,65000,74130,100
705,2022,70000,70000,0
706,2021,264000,68342,100
707,2022,131500,131500,0
708,2022,99950,99950,0
709,2021,76200,76200,50
710,2021,100000,100000,100
711,2022,100000,100000,50
712,2021,145000,145000,50
713,2021,120000,120000,100
714,2021,100000,100000,100
715,2021,320000,320000,50
716,2021,75000,75000,100
717,2021,150000,150000,100
718,2021,69000,81562,50
719,2021,120000,120000,100
720,2020,115000,115000,100
721,2021,91700,91700,0
722,2021,82600,82600,0
723,2021,146000,146000,100
724,2021,135000,135000,50
725,2021,185000,185000,50
726,2021,220000,220000,50
727,2021,68500,68500,50
728,2020,150000,111883,100
729,2021,115000,115000,100
730,2021,97350,97350,100
731,2020,94000,94000,50
732,2021,93000,93000,100
733,2021,130000,130000,100
734,2020,65000,74130,50
735,2021,105000,114839,0
736,2021,100000,100000,50
737,2021,79000,79000,100
738,2021,130000,130000,100
739,2020,129998,129998,100
740,2021,75000,75000,100
741,2021,155000,155000,100
742,2021,40200,47518,50
743,2021,75000,75000,100
744,2021,85000,100474,100
745,2021,200000,200000,0
746,2021,93600,93600,100
747,2021,96500,96500,0
748,2021,100000,100000,100
749,2021,205000,205000,100
750,2020,122000,122000,0
751,2020,96000,96000,50
752,2021,72000,72000,100
753,2021,50000,50000,100
754,2021,50000,50000,0
755,2021,45000,61896,100
756,2021,150000,177308,100
757,2021,1000000,13523,50
758,2021,35000,48141,100
759,2021,23000,27187,0
760,2021,140000,140000,100
761,2021,85000,85000,100
762,2021,92000,92000,100
763,2020,103000,103000,50
764,2021,70000,70000,0
765,2021,27000,31915,0
766,2021,65000,65000,100
767,2020,180000,180000,50
768,2021,50500,59693,50
769,2020,83500,88981,100
770,2021,216000,216000,100
771,2020,90000,90000,100
772,2021,95000,95000,100
773,2021,70000,70000,50
774,2021,150000,150000,100
775,2021,130000,130000,100
776,2021,175000,175000,100
777,2021,220000,220000,50
778,2021,106000,106000,0
779,2021,120000,120000,100
780,2021,75000,75000,100
781,2021,26100,35899,50
782,2021,96000,96000,50
783,2021,75000,75000,50
784,2021,75000,88654,100
785,2021,3200000,43275,0
786,2021,3200000,43275,0
787,2021,65000,65000,100
788,2020,80000,80000,50
789,2020,91520,91520,0
790,2021,340000,255170,50
791,2021,135600,135600,0
792,2020,400000,61195,0
793,2021,53000,53000,0
794,2021,72000,72000,50
795,2021,169000,169000,50
796,2021,162000,121581,100
797,2020,99000,99000,0
798,2021,100000,100000,100
799,2021,130000,130000,0
800,2021,97000,97000,100
801,2020,60000,68428,50
802,2021,55000,65013,100
803,2021,90000,90000,50
804,2021,85000,85000,100
805,2021,90000,90000,50
806,2020,85000,85000,0
807,2020,432000,66091,50
808,2021,95000,75774,100
809,2020,123000,123000,0
810,2021,80000,80000,50
811,2021,170000,170000,100
812,2021,77000,77000,100
813,2021,80000,63810,100
814,2021,375000,375000,100
815,2021,50400,59575,50
816,2020,135000,135000,100
817,2020,148000,148000,50
818,2020,180000,180000,100
819,2021,90000,90000,100
820,2021,63700,63700,100
821,2021,65000,89405,100
822,2020,117810,117810,0
823,2020,200000,200000,100
824,2021,48000,56738,50
825,2021,80000,63810,100
826,2020,134000,134000,100
827,2021,119000,119000,100
828,2020,140000,140000,0
829,2020,175000,175000,50
830,2021,85000,85000,50
831,2020,180000,180000,50
832,2021,320000,320000,100
833,2021,75000,75000,100
834,2021,127000,127000,100
835,2021,45100,45100,50
836,2021,124000,124000,50
837,2021,90000,90000,0
838,2021,240000,240000,50
839,2021,240000,240000,50
840,2020,80000,80000,100
841,2020,120000,82648,50
842,2020,27000,27000,50
843,2020,87500,87500,100
844,2020,110000,110000,0
845,2021,98000,98000,50
846,2020,102000,102000,50
847,2020,72000,72000,100
848,2021,300000,239287,50
849,2021,124000,124000,0
850,2021,119000,119000,100
851,2020,175000,175000,100
852,2021,180000,180000,100
853,2020,85000,63400,100
854,2021,65000,45950,0
855,2021,123000,123000,100
856,2020,80000,80000,50
857,2021,120000,120000,50
858,2021,150000,150000,50
859,2021,40000,47282,0
860,2021,135000,135000,0
861,2021,130000,130000,50
862,2021,100000,100000,50
863,2021,20000,23641,100
864,2021,36200,49792,100
865,2021,70000,70000,100
866,2021,130000,130000,100
867,2021,73000,73000,0
868,2021,10320000,34018,50
869,2021,70000,49485,0
870,2021,92000,92000,100
871,2021,145000,145000,50
872,2020,135000,135000,50
873,2021,45500,53783,0
874,2021,150000,150000,0
875,2021,44000,60520,100
876,2020,75000,75000,100
877,2021,48000,66022,100
878,2021,50000,68773,50
879,2020,150000,150000,50
880,2021,90000,90000,0
881,2020,70000,79833,50
882,2021,102500,102500,0
883,2021,130000,130000,100
884,2021,85000,85000,100
885,2021,120000,120000,100
886,2020,600000,600000,50
887,2021,141000,141000,50
888,2020,66000,66000,50
889,2021,60008,60008,50
890,2020,272000,272000,100
891,2020,80000,80000,100
892,2020,40000,51305,100
893,2021,31000,31000,0
894,2021,150000,119643,100
895,2021,100300,100300,100
896,2021,150000,150000,100
897,2021,119000,119000,100
898,2020,192000,192000,100
899,2020,102000,102000,0
900,2021,240000,240000,100
901,2021,63000,63000,0
902,2021,98000,98000,100
903,2020,55000,70545,100
904,2021,100000,100000,100
905,2021,80000,80000,100
906,2020,72000,72000,100
907,2021,75000,75000,100
908,2020,80000,80000,50
909,2021,67000,67000,0
910,2020,130000,130000,100
911,2021,85000,67798,50
912,2021,120000,120000,100
913,2021,76500,76500,100
914,2021,160000,160000,0
915,2021,200000,200000,100
916,2021,142000,142000,50
917,2020,180000,180000,100
918,2020,120000,120000,100
919,2021,40000,40000,50
920,2021,72000,85108,100
921,2021,150000,150000,100
922,2021,100000,100000,0
923,2021,28800,34043,50
924,2021,140000,111667,50
925,2021,187000,187000,100
926,2021,648000,43824,100
927,2021,104000,104000,100
928,2021,100000,79762,100
929,2020,65000,65000,50
930,2020,128000,128000,0
931,2021,120000,120000,100
932,2020,105000,105000,100
933,2021,120000,120000,100
934,2021,145000,145000,100
935,2021,37000,43736,0
936,2021,78000,78000,100
937,2021,125000,125000,100
938,2021,130000,130000,0
939,2020,130000,130000,100
940,2020,141000,141000,100
941,2021,120000,120000,100
942,2021,90000,90000,100
943,2021,172500,172500,100
944,2020,90000,90000,50
945,2020,93000,93000,50
946,2021,41500,57082,100
947,2021,62000,62000,50
948,2020,240000,240000,100
949,2021,195000,195000,100
950,2021,110000,120308,100
951,2021,50000,59102,100
952,2021,90000,90000,50
953,2021,120000,95715,50
954,2021,42000,49646,50
955,2021,140000,105070,0
956,2021,155000,116327,0
957,2021,95000,75774,100
958,2021,12800,12800,100
959,2021,330000,11812,50
960,2020,98000,98000,100
961,2021,2000,2000,0
962,2020,85000,85000,100
963,2021,47000,37488,100
964,2020,120000,120000,50
965,2021,120000,120000,50
966,2021,70000,70000,0
967,2020,75000,75000,100
968,2021,101350,101350,50
969,2020,60000,60000,50
970,2021,85000,85000,0
971,2020,100000,100000,0
972,2021,76000,76000,0
973,2021,170000,135596,50
974,2021,105000,105000,100
975,2021,100000,100000,50
976,2021,65000,65000,100
977,2021,3600000,48684,0
978,2021,122000,122000,0
979,2021,80000,80000,50
980,2021,76000,60619,100
981,2021,131870,131870,0
982,2021,99900,99900,0
983,2021,80000,80000,0
984,2021,60000,82528,0
985,2021,79000,79000,100
986,2020,175000,186487,0
987,2020,420000,64255,0
988,2021,72121,78879,50
989,2021,65000,76833,100
990,2021,182000,136591,100
991,2021,126000,126000,50
992,2021,50000,50000,50
993,2020,75000,75000,50
994,2021,103000,103000,0
995,2021,138000,138000,0
996,2021,36000,42554,100
997,2020,123000,123000,100
998,2020,80000,80000,100
999,2021,115000,115000,100
1000,2021,52000,61467,100
1001,2021,100000,100000,50
1002,2021,100000,100000,100
1003,2021,275000,275000,100
1004,2021,99000,78965,100
1005,2021,80000,80000,50
1006,2021,210000,210000,100
1007,2021,66000,66000,100
1008,2021,95000,95000,0
1009,2021,160000,160000,0
1010,2021,1600000,21637,0
1011,2021,55000,65013,100
1012,2021,55000,55000,50
1013,2020,106000,106000,0
1014,2020,202000,202000,0
1015,2020,28250,36234,100
1016,2021,42900,50710,100
1017,2020,71000,71000,0
1018,2021,836000,11305,50
1019,2020,720000,9715,0
1020,2021,114000,114000,50
1021,2021,81000,81000,50
1022,2021,148000,148000,100
1023,2021,79509,79509,50
1024,2021,110000,110000,0
1025,2021,20000,20000,100
1026,2021,77000,77000,100
1027,2021,130000,130000,50
1028,2020,142000,142000,100
1029,2021,174000,174000,50
1030,2021,100000,100000,0
1031,2020,130000,130000,50
1032,2021,134000,134000,100
1033,2020,40000,45618,50
1034,2020,170000,170000,100
1035,2021,120000,120000,100
1036,2021,60000,70923,50
1037,2021,45000,53192,50
1038,2021,90000,90000,50
1039,2020,41000,52588,0
1040,2021,150000,150000,100
1041,2020,80000,80000,100
1042,2021,145000,108822,100
1043,2021,65000,65000,100
1044,2020,350000,21283,50
1045,2021,85000,85000,0
1046,2021,135000,135000,0
1047,2020,504000,54784,50
1048,2020,104000,77572,100
1049,2020,100000,100000,0
1050,2021,72000,72000,100
1051,2021,127000,127000,100
1052,2021,140000,140000,50
1053,2020,125000,125000,100
1054,2020,55000,55000,100
1055,2021,90000,90000,0
1056,2021,150000,150000,100
1057,2020,80000,80000,0
1058,2020,23000,26230,100
1059,2021,82700,82700,100
1060,2021,28500,39200,50
1061,2021,106000,106000,100
1062,2020,120000,120000,100
1063,2021,3800000,51389,100
1064,2021,200000,200000,100
1065,2020,170000,170000,50
1066,2021,107000,107000,0
1067,2020,159000,159000,50
1068,2020,73000,73000,0
1069,2020,146000,146000,100
1070,2020,105000,72317,0
1071,2021,320000,4327,50
1072,2021,23500,32323,50
1073,2021,77600,77600,100
1074,2021,75000,75000,0
1075,2020,180000,180000,100
1076,2020,45000,51321,100
1077,2021,63000,63000,50
1078,2021,1000000,13523,50
1079,2021,100000,100000,100
1080,2021,76000,60619,100
1081,2021,35000,35000,50
1082,2021,100000,118205,50
1083,2020,108000,108000,100
1084,2020,130000,130000,50
1085,2020,55000,62726,100
1086,2020,100000,106564,0
1087,2020,30000,34214,0
1088,2020,170000,170000,100
1089,2021,35000,41372,50
1090,2021,360000,4868,50
1091,2021,132000,132000,100
1092,2021,43000,50828,100
1093,2021,113500,90530,100
1094,2021,10200,10200,0
1095,2020,150000,150000,0
1096,2020,47620,54309,50
1097,2021,50000,59102,100
1098,2020,250000,285118,100
1099,2020,320000,4318,0
1100,2021,126000,100500,50
1101,2021,80000,94564,100
1102,2021,120000,89294,100
1103,2021,280000,280000,100
1104,2021,230000,172615,0
1105,2021,190000,134317,50
1106,2021,450000,450000,100
1107,2020,60000,60000,100
1108,2021,110000,110000,100
1109,2021,40000,40000,0
1110,2021,80000,80000,50
1111,2020,140000,140000,100
1112,2021,30000,30000,0
1113,2020,115000,115000,100
1114,2021,38000,52267,100
1115,2021,140000,140000,100
1116,2021,50000,59102,100
1117,2021,200000,200000,100
1118,2021,140000,165488,50
1119,2021,140000,140000,100
1120,2021,140000,140000,100
1121,2020,50000,64132,100
1122,2021,1740,2056,100
1123,2021,75000,88654,50
1124,2020,45000,51321,100
1125,2021,50000,59102,100
1126,2020,240000,3238,0
1127,2021,80000,94564,100
1128,2021,142000,195316,100
1129,2020,62000,70709,100
1130,2021,70000,82744,50
1131,2020,35000,44892,100
1132,2021,155000,169525,100
1133,2020,900000,54727,100
1134,2021,16800,19858,50
1135,2020,26000,29652,50
1136,2020,52000,59304,100
1137,2020,198000,50831,100
1138,2020,60000,60000,100
1139,2020,75000,96198,100
1140,2021,140000,140000,0
1141,2020,29950,34157,50
1142,2021,70000,82744,50
1143,2020,53000,34414,100
1144,2020,150000,192396,100
1145,2021,33000,39007,100
1146,2020,72000,82114,0
1147,2020,90000,90000,50
1148,2021,70000,82744,100
1149,2020,100000,100000,0
1150,2020,120000,136856,50
1151,2020,8223,8223,100
1152,2021,56000,66195,50
1153,2021,1000000,13523,50
1154,2020,49100,5337,0
1155,2021,62000,73287,100
1156,2020,55000,62726,0
1157,2021,51000,60284,100
1158,2021,450000,83415,100
1159,2020,58000,66147,50
1160,2020,300000,300000,50
1161,2021,1500000,20285,0
1162,2021,80100,80100,100
1163,2021,175000,175000,0
1164,2020,200000,2764,0
1165,2021,82000,82000,100
1166,2020,132000,132000,100
1167,2020,105000,105000,50
1168,2021,106000,106000,100
1169,2020,115000,131154,100
1170,2021,115000,115000,50
1171,2021,143000,143000,100
1172,2021,289000,289000,100
1173,2021,180000,135090,100
1174,2021,115000,115000,100
1175,2020,252000,252000,100
1176,2020,107000,79810,100
1177,2020,135000,135000,50
1178,2021,190000,190000,100
1179,2021,48000,48000,100
1180,2021,140000,140000,50
1181,2021,180000,127248,50
1182,2021,90000,123792,50
1183,2021,75500,56662,100
1184,2020,203000,203000,50
1185,2020,34000,38776,50
1186,2021,140400,140400,50
1187,2021,110000,110000,100
1188,2021,172000,172000,100
1189,2021,88500,88500,50
1190,2020,76960,76960,50
1191,2020,145000,145000,100
1192,2020,109000,109000,0
1193,2020,56000,63866,50
1194,2021,85000,85000,50
1195,2021,75000,75000,50
1196,2020,300000,206620,100
1197,2020,140000,140000,0
1198,2020,169781,169781,100
1199,2021,110000,110000,100
1200,2021,85000,85000,100
1201,2020,108000,108000,100
1202,2020,85000,109024,100
1203,2021,125000,125000,50
1204,2021,133000,133000,100
1205,2020,126000,126000,50
1206,2020,43000,49040,50
1207,2020,260000,260000,100
1208,2021,200000,51774,0
1209,2021,105000,105000,0
1210,2021,133900,133900,100
1211,2021,75000,75000,0
1212,2021,384000,118903,50
1213,2021,89000,89000,0
1214,2021,400000,400000,100
1215,2021,205000,205000,100
1216,2020,198000,198000,100
1217,2021,51000,60284,50
1218,2020,110000,125452,50
1219,2020,190000,216690,100
1220,2021,49000,57920,50
1221,2021,86000,86000,0
1222,2020,65000,65000,100
1223,2020,149000,149000,50
1224,2020,140000,140000,50
1225,2021,116000,116000,50
1226,2021,81000,81000,100
1227,2020,115000,115000,100
1228,2021,128000,128000,100
1229,2020,63000,71849,0
1230,2020,100000,114047,100
1231,2020,122750,122750,100
1232,2020,144000,144000,0
1233,2020,80000,102611,50
1234,2020,100000,100000,0
1235,2020,110000,110000,50
1236,2020,35000,35000,100
1237,2021,65000,65000,100
1238,2020,170000,170000,100
1239,2021,135000,135000,100
1240,2021,100000,100000,50
1241,2020,356000,456621,100
1242,2020,140000,96422,50
1243,2021,60000,82528,50
1244,2021,126000,126000,100
1245,2021,42000,57769,100
1246,2021,66310,66310,0
